what,kind,bundleId,bundleVersion,description,time
executed,command,org.eclipse.ui,3.7.0.v20110928-1505,"org.eclipse.ui.edit.paste",1342800940030
executed,command,org.eclipse.ui,3.7.0.v20110928-1505,"org.eclipse.ui.file.save",1342800941575
executed,command,org.eclipse.ui,3.7.0.v20110928-1505,"org.eclipse.ui.edit.paste",1342800943326
executed,command,org.eclipse.ui,3.7.0.v20110928-1505,"org.eclipse.ui.file.save",1342800948334
executed,command,org.eclipse.ui,3.7.0.v20110928-1505,"org.eclipse.ui.edit.paste",1342800950238
executed,command,org.eclipse.ui,3.7.0.v20110928-1505,"org.eclipse.ui.file.save",1342800952903
executed,command,org.eclipse.ui,3.7.0.v20110928-1505,"org.eclipse.ui.edit.paste",1342800954109
executed,command,org.eclipse.ui,3.7.0.v20110928-1505,"org.eclipse.ui.file.save",1342800956702
executed,command,org.eclipse.ui,3.7.0.v20110928-1505,"org.eclipse.ui.edit.paste",1342800958142
executed,command,org.eclipse.ui,3.7.0.v20110928-1505,"org.eclipse.ui.file.save",1342800961846
executed,command,org.eclipse.ui,3.7.0.v20110928-1505,"org.eclipse.ui.file.save",1342800963679
executed,command,org.eclipse.ui,3.7.0.v20110928-1505,"org.eclipse.ui.file.save",1342800973934
executed,command,org.eclipse.ui,3.7.0.v20110928-1505,"org.eclipse.ui.edit.copy",1342800975366
executed,command,org.eclipse.ui,3.7.0.v20110928-1505,"org.eclipse.ui.edit.paste",1342800978254
executed,command,org.eclipse.ui,3.7.0.v20110928-1505,"org.eclipse.ui.file.save",1342800983333
executed,command,org.eclipse.ui,3.7.0.v20110928-1505,"org.eclipse.ui.edit.paste",1342800985533
executed,command,org.eclipse.ui,3.7.0.v20110928-1505,"org.eclipse.ui.file.save",1342800988925
executed,command,org.eclipse.ui,3.7.0.v20110928-1505,"org.eclipse.ui.file.save",1342800990709
executed,command,org.eclipse.ui,3.7.0.v20110928-1505,"org.eclipse.ui.edit.copy",1342800996493
executed,command,org.eclipse.ui,3.7.0.v20110928-1505,"org.eclipse.ui.edit.paste",1342801000620
executed,command,org.eclipse.ui,3.7.0.v20110928-1505,"org.eclipse.ui.edit.paste",1342801002833
executed,command,org.eclipse.ui,3.7.0.v20110928-1505,"org.eclipse.ui.edit.paste",1342801004121
executed,command,org.eclipse.ui,3.7.0.v20110928-1505,"org.eclipse.ui.edit.paste",1342801005780
executed,command,org.eclipse.ui,3.7.0.v20110928-1505,"org.eclipse.ui.edit.paste",1342801007537
executed,command,org.eclipse.ui,3.7.0.v20110928-1505,"org.eclipse.ui.edit.paste",1342801008674
executed,command,org.eclipse.ui,3.7.0.v20110928-1505,"org.eclipse.ui.edit.paste",1342801011881
executed,command,org.eclipse.ui,3.7.0.v20110928-1505,"org.eclipse.ui.file.save",1342801013884
deactivated,workbench,org.eclipse.ui.workbench,3.7.1.v20120104-1859,"",1342801017013
activated,workbench,org.eclipse.ui.workbench,3.7.1.v20120104-1859,"",1342801019459
executed,command,org.eclipse.ui,3.7.0.v20110928-1505,"org.eclipse.ui.newWizard",1342801019502
deactivated,workbench,org.eclipse.ui.workbench,3.7.1.v20120104-1859,"",1342801020952
activated,workbench,org.eclipse.ui.workbench,3.7.1.v20120104-1859,"",1342801040284
executed,command,org.eclipse.ui,3.7.0.v20110928-1505,"org.eclipse.ui.edit.copy",1342801044948
executed,command,org.eclipse.ui,3.7.0.v20110928-1505,"org.eclipse.ui.edit.paste",1342801047610
executed,command,org.eclipse.ui,3.7.0.v20110928-1505,"org.eclipse.ui.file.save",1342801048132
executed,command,org.eclipse.ui,3.7.0.v20110928-1505,"org.eclipse.ui.edit.paste",1342801050083
executed,command,org.eclipse.ui,3.7.0.v20110928-1505,"org.eclipse.ui.file.save",1342801050571
deactivated,workbench,org.eclipse.ui.workbench,3.7.1.v20120104-1859,"",1342801050932
activated,workbench,org.eclipse.ui.workbench,3.7.1.v20120104-1859,"",1342801051306
executed,command,org.eclipse.ui,3.7.0.v20110928-1505,"org.eclipse.ui.edit.paste",1342801056274
executed,command,org.eclipse.ui,3.7.0.v20110928-1505,"org.eclipse.ui.edit.paste",1342801058528
executed,command,org.eclipse.ui,3.7.0.v20110928-1505,"org.eclipse.ui.edit.paste",1342801059615
executed,command,org.eclipse.ui,3.7.0.v20110928-1505,"org.eclipse.ui.file.save",1342801060067
executed,command,org.eclipse.ui,3.7.0.v20110928-1505,"org.eclipse.ui.file.save",1342801075994
deactivated,workbench,org.eclipse.ui.workbench,3.7.1.v20120104-1859,"",1342801077782
executed,command,org.eclipse.ui,3.7.0.v20110928-1505,"org.eclipse.ui.edit.findReplace",1342801077815
activated,workbench,org.eclipse.ui.workbench,3.7.1.v20120104-1859,"",1342801083196
deactivated,workbench,org.eclipse.ui.workbench,3.7.1.v20120104-1859,"",1342801086296
executed,command,org.eclipse.ui,3.7.0.v20110928-1505,"org.eclipse.ui.edit.findReplace",1342801086319
activated,workbench,org.eclipse.ui.workbench,3.7.1.v20120104-1859,"",1342801091948
executed,command,org.eclipse.ui,3.7.0.v20110928-1505,"org.eclipse.ui.file.save",1342801103553
deactivated,workbench,org.eclipse.ui.workbench,3.7.1.v20120104-1859,"",1342801114999
activated,workbench,org.eclipse.ui.workbench,3.7.1.v20120104-1859,"",1342801129233
deactivated,workbench,org.eclipse.ui.workbench,3.7.1.v20120104-1859,"",1342801130708
activated,workbench,org.eclipse.ui.workbench,3.7.1.v20120104-1859,"",1342801136184
executed,command,org.eclipse.ui,3.7.0.v20110928-1505,"org.eclipse.ui.edit.paste",1342801136735
executed,command,org.eclipse.ui,3.7.0.v20110928-1505,"org.eclipse.ui.file.save",1342801137193
executed,command,org.eclipse.ui,3.7.0.v20110928-1505,"org.eclipse.ui.edit.copy",1342801146704
executed,command,org.eclipse.ui,3.7.0.v20110928-1505,"org.eclipse.ui.edit.paste",1342801148040
executed,command,org.eclipse.ui,3.7.0.v20110928-1505,"org.eclipse.ui.edit.paste",1342801149074
executed,command,org.eclipse.ui,3.7.0.v20110928-1505,"org.eclipse.ui.edit.paste",1342801150006
executed,command,org.eclipse.ui,3.7.0.v20110928-1505,"org.eclipse.ui.edit.paste",1342801150788
executed,command,org.eclipse.ui,3.7.0.v20110928-1505,"org.eclipse.ui.edit.paste",1342801151757
executed,command,org.eclipse.ui,3.7.0.v20110928-1505,"org.eclipse.ui.edit.paste",1342801152760
executed,command,org.eclipse.ui,3.7.0.v20110928-1505,"org.eclipse.ui.edit.paste",1342801153564
executed,command,org.eclipse.ui,3.7.0.v20110928-1505,"org.eclipse.ui.edit.paste",1342801154516
deactivated,workbench,org.eclipse.ui.workbench,3.7.1.v20120104-1859,"",1342801165540
activated,workbench,org.eclipse.ui.workbench,3.7.1.v20120104-1859,"",1342801169050
executed,command,org.eclipse.ui,3.7.0.v20110928-1505,"org.eclipse.ui.edit.paste",1342801172275
executed,command,org.eclipse.ui,3.7.0.v20110928-1505,"org.eclipse.ui.file.save",1342801172591
deactivated,workbench,org.eclipse.ui.workbench,3.7.1.v20120104-1859,"",1342801173940
activated,workbench,org.eclipse.ui.workbench,3.7.1.v20120104-1859,"",1342801178551
executed,command,org.eclipse.ui,3.7.0.v20110928-1505,"org.eclipse.ui.edit.paste",1342801180357
executed,command,org.eclipse.ui,3.7.0.v20110928-1505,"org.eclipse.ui.file.save",1342801184847
executed,command,org.eclipse.ui,3.7.0.v20110928-1505,"org.eclipse.ui.file.save",1342801188878
executed,command,org.eclipse.ui,3.7.0.v20110928-1505,"org.eclipse.ui.file.save",1342801192143
deactivated,workbench,org.eclipse.ui.workbench,3.7.1.v20120104-1859,"",1342801194506
activated,workbench,org.eclipse.ui.workbench,3.7.1.v20120104-1859,"",1342801198016
executed,command,org.eclipse.ui,3.7.0.v20110928-1505,"org.eclipse.ui.edit.paste",1342801198489
executed,command,org.eclipse.ui,3.7.0.v20110928-1505,"org.eclipse.ui.file.save",1342801198822
executed,command,org.eclipse.ui,3.7.0.v20110928-1505,"org.eclipse.ui.file.save",1342801201116
deactivated,workbench,org.eclipse.ui.workbench,3.7.1.v20120104-1859,"",1342801201434
activated,workbench,org.eclipse.ui.workbench,3.7.1.v20120104-1859,"",1342801205381
executed,command,org.eclipse.ui,3.7.0.v20110928-1505,"org.eclipse.ui.edit.paste",1342801205995
executed,command,org.eclipse.ui,3.7.0.v20110928-1505,"org.eclipse.ui.file.save",1342801206277
deactivated,workbench,org.eclipse.ui.workbench,3.7.1.v20120104-1859,"",1342801207950
activated,workbench,org.eclipse.ui.workbench,3.7.1.v20120104-1859,"",1342801210778
executed,command,org.eclipse.ui,3.7.0.v20110928-1505,"org.eclipse.ui.edit.paste",1342801211280
executed,command,org.eclipse.ui,3.7.0.v20110928-1505,"org.eclipse.ui.file.save",1342801211598
deactivated,workbench,org.eclipse.ui.workbench,3.7.1.v20120104-1859,"",1342801213608
activated,workbench,org.eclipse.ui.workbench,3.7.1.v20120104-1859,"",1342801217357
executed,command,org.eclipse.ui,3.7.0.v20110928-1505,"org.eclipse.ui.edit.paste",1342801217960
executed,command,org.eclipse.ui,3.7.0.v20110928-1505,"org.eclipse.ui.file.save",1342801218245
deactivated,workbench,org.eclipse.ui.workbench,3.7.1.v20120104-1859,"",1342801219488
activated,workbench,org.eclipse.ui.workbench,3.7.1.v20120104-1859,"",1342801224658
executed,command,org.eclipse.ui,3.7.0.v20110928-1505,"org.eclipse.ui.edit.paste",1342801226019
executed,command,org.eclipse.ui.workbench.texteditor,3.7.0.v20110928-1504,"org.eclipse.ui.edit.text.goto.wordPrevious",1342801227669
executed,command,org.eclipse.ui,3.7.0.v20110928-1505,"org.eclipse.ui.file.save",1342801230389
deactivated,workbench,org.eclipse.ui.workbench,3.7.1.v20120104-1859,"",1342801230697
activated,workbench,org.eclipse.ui.workbench,3.7.1.v20120104-1859,"",1342801235081
executed,command,org.eclipse.ui,3.7.0.v20110928-1505,"org.eclipse.ui.edit.paste",1342801237991
executed,command,org.eclipse.ui,3.7.0.v20110928-1505,"org.eclipse.ui.file.save",1342801238229
deactivated,workbench,org.eclipse.ui.workbench,3.7.1.v20120104-1859,"",1342801238631
activated,workbench,org.eclipse.ui.workbench,3.7.1.v20120104-1859,"",1342801257430
executed,command,org.eclipse.ui,3.7.0.v20110928-1505,"org.eclipse.ui.edit.copy",1342801265156
deactivated,workbench,org.eclipse.ui.workbench,3.7.1.v20120104-1859,"",1342801265696
executed,command,org.eclipse.ui,3.7.0.v20110928-1505,"org.eclipse.ui.edit.findReplace",1342801265740
activated,workbench,org.eclipse.ui.workbench,3.7.1.v20120104-1859,"",1342801295649
deactivated,workbench,org.eclipse.ui.workbench,3.7.1.v20120104-1859,"",1342801299321
executed,command,org.eclipse.ui,3.7.0.v20110928-1505,"org.eclipse.ui.edit.findReplace",1342801299367
error,log,,,"Unhandled event loop exception",1342801305915
error,log,,,"Unhandled event loop exception",1342801308287
activated,workbench,org.eclipse.ui.workbench,3.7.1.v20120104-1859,"",1342801310101
executed,command,org.eclipse.ui,3.7.0.v20110928-1505,"org.eclipse.ui.edit.copy",1342801313554
executed,command,org.eclipse.ui,3.7.0.v20110928-1505,"org.eclipse.ui.edit.paste",1342801314607
executed,command,org.eclipse.ui,3.7.0.v20110928-1505,"org.eclipse.ui.file.save",1342801318226
executed,command,org.eclipse.ui,3.7.0.v20110928-1505,"org.eclipse.ui.file.save",1342801321105
executed,command,org.eclipse.ui,3.7.0.v20110928-1505,"org.eclipse.ui.file.save",1342801325201
executed,command,org.eclipse.ui,3.7.0.v20110928-1505,"org.eclipse.ui.file.save",1342801326673
executed,command,org.eclipse.ui,3.7.0.v20110928-1505,"org.eclipse.ui.file.save",1342801328282
executed,command,org.eclipse.ui,3.7.0.v20110928-1505,"org.eclipse.ui.file.save",1342801332322
executed,command,org.eclipse.ui,3.7.0.v20110928-1505,"org.eclipse.ui.file.save",1342801333889
executed,command,org.eclipse.ui,3.7.0.v20110928-1505,"org.eclipse.ui.file.save",1342801336274
executed,command,org.eclipse.ui,3.7.0.v20110928-1505,"org.eclipse.ui.file.save",1342801338065
executed,command,org.eclipse.ui,3.7.0.v20110928-1505,"org.eclipse.ui.file.save",1342801342567
executed,command,org.eclipse.ui,3.7.0.v20110928-1505,"org.eclipse.ui.file.save",1342801347817
deactivated,workbench,org.eclipse.ui.workbench,3.7.1.v20120104-1859,"",1342801348283
activated,workbench,org.eclipse.ui.workbench,3.7.1.v20120104-1859,"",1342801371085
executed,command,org.eclipse.ui,3.7.0.v20110928-1505,"org.eclipse.ui.edit.cut",1342801381465
deactivated,workbench,org.eclipse.ui.workbench,3.7.1.v20120104-1859,"",1342801382606
activated,workbench,org.eclipse.ui.workbench,3.7.1.v20120104-1859,"",1342801383597
executed,command,org.eclipse.ui,3.7.0.v20110928-1505,"org.eclipse.ui.file.save",1342801384392
deactivated,workbench,org.eclipse.ui.workbench,3.7.1.v20120104-1859,"",1342801387746
activated,workbench,org.eclipse.ui.workbench,3.7.1.v20120104-1859,"",1342801391877
executed,command,org.eclipse.ui,3.7.0.v20110928-1505,"org.eclipse.ui.edit.undo",1342801392874
executed,command,org.eclipse.ui,3.7.0.v20110928-1505,"org.eclipse.ui.file.save",1342801393543
executed,command,org.eclipse.ui,3.7.0.v20110928-1505,"org.eclipse.ui.edit.cut",1342801407400
executed,command,org.eclipse.ui,3.7.0.v20110928-1505,"org.eclipse.ui.file.save",1342801407606
deactivated,workbench,org.eclipse.ui.workbench,3.7.1.v20120104-1859,"",1342801408077
activated,workbench,org.eclipse.ui.workbench,3.7.1.v20120104-1859,"",1342801409983
executed,command,org.eclipse.ui,3.7.0.v20110928-1505,"org.eclipse.ui.file.save",1342801414438
deactivated,workbench,org.eclipse.ui.workbench,3.7.1.v20120104-1859,"",1342801414898
activated,workbench,org.eclipse.ui.workbench,3.7.1.v20120104-1859,"",1342801420252
executed,command,org.eclipse.ui,3.7.0.v20110928-1505,"org.eclipse.ui.file.save",1342801463125
deactivated,workbench,org.eclipse.ui.workbench,3.7.1.v20120104-1859,"",1342801465000
activated,workbench,org.eclipse.ui.workbench,3.7.1.v20120104-1859,"",1342801469394
executed,command,org.eclipse.ui,3.7.0.v20110928-1505,"org.eclipse.ui.file.save",1342801471861
executed,command,org.eclipse.ui,3.7.0.v20110928-1505,"org.eclipse.ui.file.save",1342801498780
deactivated,workbench,org.eclipse.ui.workbench,3.7.1.v20120104-1859,"",1342801500342
activated,workbench,org.eclipse.ui.workbench,3.7.1.v20120104-1859,"",1342801502799
executed,command,org.eclipse.ui,3.7.0.v20110928-1505,"org.eclipse.ui.file.save",1342801513099
executed,command,org.eclipse.ui,3.7.0.v20110928-1505,"org.eclipse.ui.file.save",1342801516219
deactivated,workbench,org.eclipse.ui.workbench,3.7.1.v20120104-1859,"",1342801517707
activated,workbench,org.eclipse.ui.workbench,3.7.1.v20120104-1859,"",1342801523819
deactivated,workbench,org.eclipse.ui.workbench,3.7.1.v20120104-1859,"",1342801525543
activated,workbench,org.eclipse.ui.workbench,3.7.1.v20120104-1859,"",1342801531589
executed,command,org.eclipse.ui,3.7.0.v20110928-1505,"org.eclipse.ui.edit.paste",1342801533891
executed,command,org.eclipse.ui,3.7.0.v20110928-1505,"org.eclipse.ui.file.save",1342801534426
executed,command,org.eclipse.ui,3.7.0.v20110928-1505,"org.eclipse.ui.edit.selectAll",1342801544595
deactivated,workbench,org.eclipse.ui.workbench,3.7.1.v20120104-1859,"",1342801545974
activated,workbench,org.eclipse.ui.workbench,3.7.1.v20120104-1859,"",1342801553974
executed,command,org.eclipse.ui,3.7.0.v20110928-1505,"org.eclipse.ui.file.save",1342801557513
executed,command,org.eclipse.ui,3.7.0.v20110928-1505,"org.eclipse.ui.edit.copy",1342801563393
deactivated,workbench,org.eclipse.ui.workbench,3.7.1.v20120104-1859,"",1342801564422
executed,command,org.eclipse.ui,3.7.0.v20110928-1505,"org.eclipse.ui.edit.findReplace",1342801564449
error,log,,,"Unhandled event loop exception",1342801573013
activated,workbench,org.eclipse.ui.workbench,3.7.1.v20120104-1859,"",1342801585325
executed,command,org.eclipse.ui,3.7.0.v20110928-1505,"org.eclipse.ui.file.save",1342801586361
deactivated,workbench,org.eclipse.ui.workbench,3.7.1.v20120104-1859,"",1342801602863
activated,workbench,org.eclipse.ui.workbench,3.7.1.v20120104-1859,"",1342801608391
executed,command,org.eclipse.ui,3.7.0.v20110928-1505,"org.eclipse.ui.file.save",1342801619728
executed,command,org.eclipse.ui,3.7.0.v20110928-1505,"org.eclipse.ui.file.save",1342801630927
deactivated,workbench,org.eclipse.ui.workbench,3.7.1.v20120104-1859,"",1342801634993
activated,workbench,org.eclipse.ui.workbench,3.7.1.v20120104-1859,"",1342801639652
executed,command,org.eclipse.ui,3.7.0.v20110928-1505,"org.eclipse.ui.file.save",1342801645903
deactivated,workbench,org.eclipse.ui.workbench,3.7.1.v20120104-1859,"",1342801649102
activated,workbench,org.eclipse.ui.workbench,3.7.1.v20120104-1859,"",1342801652018
executed,command,org.eclipse.ui,3.7.0.v20110928-1505,"org.eclipse.ui.file.save",1342801657270
executed,command,org.eclipse.ui,3.7.0.v20110928-1505,"org.eclipse.ui.file.save",1342801659806
deactivated,workbench,org.eclipse.ui.workbench,3.7.1.v20120104-1859,"",1342801662007
activated,workbench,org.eclipse.ui.workbench,3.7.1.v20120104-1859,"",1342801663535
executed,command,org.eclipse.ui,3.7.0.v20110928-1505,"org.eclipse.ui.file.save",1342801671942
deactivated,workbench,org.eclipse.ui.workbench,3.7.1.v20120104-1859,"",1342801674264
activated,workbench,org.eclipse.ui.workbench,3.7.1.v20120104-1859,"",1342821537567
deactivated,workbench,org.eclipse.ui.workbench,3.7.1.v20120104-1859,"",1342821538401
activated,workbench,org.eclipse.ui.workbench,3.7.1.v20120104-1859,"",1342896305820
activated,editor,org.eclipse.wst.html.ui,1.0.602.v201202091936,"org.eclipse.wst.html.core.htmlsource.source",1342896309215
activated,editor,org.eclipse.wst.jsdt.ui,1.1.102.v201201131900,"org.eclipse.wst.jsdt.ui.CompilationUnitEditor",1342896325395
closed,editor,org.eclipse.wst.html.ui,1.0.602.v201202091936,"org.eclipse.wst.html.core.htmlsource.source",1342896325395
executed,command,org.eclipse.ui,3.7.0.v20110928-1505,"org.eclipse.ui.file.close",1342896325423
deactivated,workbench,org.eclipse.ui.workbench,3.7.1.v20120104-1859,"",1342896327954
activated,workbench,org.eclipse.ui.workbench,3.7.1.v20120104-1859,"",1342896484973
deactivated,workbench,org.eclipse.ui.workbench,3.7.1.v20120104-1859,"",1342896492130
activated,workbench,org.eclipse.ui.workbench,3.7.1.v20120104-1859,"",1342896516022
opened,editor,org.eclipse.wst.html.ui,1.0.602.v201202091936,"org.eclipse.wst.html.core.htmlsource.source",1342896516098
activated,editor,org.eclipse.wst.html.ui,1.0.602.v201202091936,"org.eclipse.wst.html.core.htmlsource.source",1342896516156
executed,command,org.eclipse.ui.ide,3.7.0.v20110928-1505,"org.eclipse.ui.edit.text.openLocalFile",1342896516161
activated,editor,org.eclipse.wst.jsdt.ui,1.1.102.v201201131900,"org.eclipse.wst.jsdt.ui.CompilationUnitEditor",1342896540156
closed,editor,org.eclipse.wst.html.ui,1.0.602.v201202091936,"org.eclipse.wst.html.core.htmlsource.source",1342896540156
deactivated,workbench,org.eclipse.ui.workbench,3.7.1.v20120104-1859,"",1342896541416
activated,workbench,org.eclipse.ui.workbench,3.7.1.v20120104-1859,"",1343074910980
activated,editor,org.eclipse.wst.css.ui,1.0.601.v201201101544,"org.eclipse.wst.css.core.csssource.source",1343074912334
closed,editor,org.eclipse.wst.jsdt.ui,1.1.102.v201201131900,"org.eclipse.wst.jsdt.ui.CompilationUnitEditor",1343074912334
executed,command,org.eclipse.ui,3.7.0.v20110928-1505,"org.eclipse.ui.file.close",1343074912488
activated,editor,org.eclipse.wst.jsdt.ui,1.1.102.v201201131900,"org.eclipse.wst.jsdt.ui.CompilationUnitEditor",1343074913158
closed,editor,org.eclipse.wst.css.ui,1.0.601.v201201101544,"org.eclipse.wst.css.core.csssource.source",1343074913158
executed,command,org.eclipse.ui,3.7.0.v20110928-1505,"org.eclipse.ui.file.close",1343074913214
activated,view,org.eclipse.ui.navigator.resources,3.4.300.v20110928-1505,"org.eclipse.ui.navigator.ProjectExplorer",1343074913505
closed,editor,org.eclipse.wst.jsdt.ui,1.1.102.v201201131900,"org.eclipse.wst.jsdt.ui.CompilationUnitEditor",1343074913505
executed,command,org.eclipse.ui,3.7.0.v20110928-1505,"org.eclipse.ui.file.close",1343074913528
deactivated,workbench,org.eclipse.ui.workbench,3.7.1.v20120104-1859,"",1343074914148
activated,workbench,org.eclipse.ui.workbench,3.7.1.v20120104-1859,"",1343074915278
started,bundle,org.eclipse.wst.jsdt.debug.core,2.0.101.v201201112313,"org.eclipse.wst.jsdt.debug.core",1343074915431
closed,workbench,org.eclipse.ui.workbench,3.7.1.v20120104-1859,"",1343074915621
stopped,bundle,org.eclipse.jst.ws.axis.creation.ui,1.0.700.v201104070312,"org.eclipse.jst.ws.axis.creation.ui",1343074916427
stopped,bundle,org.eclipse.jst.ws.axis.consumption.ui,1.0.505.v201004211805,"org.eclipse.jst.ws.axis.consumption.ui",1343074916428
stopped,bundle,org.eclipse.jst.ws.axis.consumption.core,1.0.407.v201104071820,"org.eclipse.jst.ws.axis.consumption.core",1343074916430
stopped,bundle,org.eclipse.jst.ws.axis2.creation.ui,1.0.104.v201004211805,"org.eclipse.jst.ws.axis2.creation.ui",1343074916434
stopped,bundle,org.eclipse.jst.ws.axis2.consumption.ui,1.0.103.v201004211805,"org.eclipse.jst.ws.axis2.consumption.ui",1343074916436
stopped,bundle,org.eclipse.jst.ws.axis2.creation.core,1.0.106.v201004211805,"org.eclipse.jst.ws.axis2.creation.core",1343074916437
stopped,bundle,org.eclipse.jst.ws.axis2.consumption.core,1.0.105.v201004211805,"org.eclipse.jst.ws.axis2.consumption.core",1343074916465
stopped,bundle,org.eclipse.jst.ws.axis2.ui,1.0.303.v201003110431,"org.eclipse.jst.ws.axis2.ui",1343074916465
stopped,bundle,org.eclipse.jst.ws.axis2.core,1.0.204.v201004211805,"org.eclipse.jst.ws.axis2.core",1343074916468
stopped,bundle,org.eclipse.jst.ws.cxf.creation.ui,1.0.100.v201104022153,"org.eclipse.jst.ws.cxf.creation.ui",1343074916470
stopped,bundle,org.eclipse.jst.ws.creation.ui,1.0.609.v201103082016,"org.eclipse.jst.ws.creation.ui",1343074916472
stopped,bundle,org.eclipse.jst.ws.cxf.consumption.ui,1.0.0.v201003222311,"org.eclipse.jst.ws.cxf.consumption.ui",1343074916475
stopped,bundle,org.eclipse.jst.ws.consumption.ui,1.1.402.v201201250306,"org.eclipse.jst.ws.consumption.ui",1343074916478
stopped,bundle,org.eclipse.jst.ws.consumption,1.0.603.v201202012024,"org.eclipse.jst.ws.consumption",1343074916482
stopped,bundle,org.eclipse.jst.ws.cxf.consumption.core,1.0.0.v201003222311,"org.eclipse.jst.ws.cxf.consumption.core",1343074916484
stopped,bundle,org.eclipse.jst.ws.cxf.creation.core,1.0.100.v201104022153,"org.eclipse.jst.ws.cxf.creation.core",1343074916487
activated,perspective,org.eclipse.jst.j2ee.ui,,"org.eclipse.jst.j2ee.J2EEPerspective",1343151665924
started,bundle,org.eclipse.osgi,3.7.2.v20120110-1415,"org.eclipse.osgi",1343151665925
started,bundle,org.eclipse.equinox.simpleconfigurator,1.0.200.v20110815-1438,"org.eclipse.equinox.simpleconfigurator",1343151665926
started,bundle,com.ibm.icu,4.4.2.v20110823,"com.ibm.icu",1343151665927
started,bundle,org.eclipse.core.contenttype,3.4.100.v20110423-0524,"org.eclipse.core.contenttype",1343151665927
started,bundle,org.eclipse.core.databinding.observable,1.4.0.I20110222-0800,"org.eclipse.core.databinding.observable",1343151665928
started,bundle,org.eclipse.core.expressions,3.4.300.v20110228,"org.eclipse.core.expressions",1343151665929
started,bundle,org.eclipse.core.filebuffers,3.5.200.v20110928-1504,"org.eclipse.core.filebuffers",1343151665929
started,bundle,org.eclipse.core.filesystem,1.3.100.v20110423-0524,"org.eclipse.core.filesystem",1343151665931
started,bundle,org.eclipse.core.jobs,3.5.101.v20120113-1953,"org.eclipse.core.jobs",1343151665931
started,bundle,org.eclipse.core.net,1.2.100.I20110511-0800,"org.eclipse.core.net",1343151665932
started,bundle,org.eclipse.core.resources,3.7.101.v20120125-1505,"org.eclipse.core.resources",1343151665933
started,bundle,org.eclipse.core.runtime,3.7.0.v20110110,"org.eclipse.core.runtime",1343151665933
started,bundle,org.eclipse.core.runtime.compatibility,3.2.100.v20100505,"org.eclipse.core.runtime.compatibility",1343151665934
started,bundle,org.eclipse.core.runtime.compatibility.auth,3.2.200.v20110110,"org.eclipse.core.runtime.compatibility.auth",1343151665935
started,bundle,org.eclipse.emf.common,2.7.0.v20120127-1122,"org.eclipse.emf.common",1343151665936
started,bundle,org.eclipse.emf.common.ui,2.7.0.v20120130-0943,"org.eclipse.emf.common.ui",1343151665936
started,bundle,org.eclipse.emf.ecore,2.7.0.v20120127-1122,"org.eclipse.emf.ecore",1343151665938
started,bundle,org.eclipse.emf.ecore.xmi,2.7.0.v20120127-1122,"org.eclipse.emf.ecore.xmi",1343151665939
started,bundle,org.eclipse.emf.edit,2.7.2.v20120130-0943,"org.eclipse.emf.edit",1343151665940
started,bundle,org.eclipse.emf.edit.ui,2.7.0.v20120130-0943,"org.eclipse.emf.edit.ui",1343151665941
started,bundle,org.eclipse.epp.mpc.ui,1.1.1.I20110907-0947,"org.eclipse.epp.mpc.ui",1343151665942
started,bundle,org.eclipse.epp.usagedata.gathering,1.3.1.R201106061540,"org.eclipse.epp.usagedata.gathering",1343151665943
started,bundle,org.eclipse.epp.usagedata.recording,1.3.1.R201106061540,"org.eclipse.epp.usagedata.recording",1343151665944
started,bundle,org.eclipse.equinox.app,1.3.100.v20110321,"org.eclipse.equinox.app",1343151665944
started,bundle,org.eclipse.equinox.common,3.6.0.v20110523,"org.eclipse.equinox.common",1343151665945
started,bundle,org.eclipse.equinox.ds,1.3.1.R37x_v20110701,"org.eclipse.equinox.ds",1343151665946
started,bundle,org.eclipse.equinox.event,1.2.100.v20110502,"org.eclipse.equinox.event",1343151665946
started,bundle,org.eclipse.equinox.p2.core,2.1.1.v20120113-1346,"org.eclipse.equinox.p2.core",1343151665947
started,bundle,org.eclipse.equinox.p2.directorywatcher,1.0.300.v20110815-1419,"org.eclipse.equinox.p2.directorywatcher",1343151665948
started,bundle,org.eclipse.equinox.p2.engine,2.1.1.R37x_v20111003,"org.eclipse.equinox.p2.engine",1343151665949
started,bundle,org.eclipse.equinox.p2.metadata,2.1.0.v20110815-1419,"org.eclipse.equinox.p2.metadata",1343151665951
started,bundle,org.eclipse.equinox.p2.metadata.repository,1.2.0.v20110815-1419,"org.eclipse.equinox.p2.metadata.repository",1343151665952
started,bundle,org.eclipse.equinox.p2.operations,2.1.1.R37x_v20111111,"org.eclipse.equinox.p2.operations",1343151665953
started,bundle,org.eclipse.equinox.p2.reconciler.dropins,1.1.100.v20110815-1419,"org.eclipse.equinox.p2.reconciler.dropins",1343151665954
started,bundle,org.eclipse.equinox.p2.repository,2.1.1.v20120113-1346,"org.eclipse.equinox.p2.repository",1343151665955
started,bundle,org.eclipse.equinox.p2.ui.sdk.scheduler,1.0.100.v20110815-1419,"org.eclipse.equinox.p2.ui.sdk.scheduler",1343151665956
started,bundle,org.eclipse.equinox.p2.updatechecker,1.1.200.v20110815-1419,"org.eclipse.equinox.p2.updatechecker",1343151665957
started,bundle,org.eclipse.equinox.preferences,3.4.2.v20120111-2020,"org.eclipse.equinox.preferences",1343151665957
started,bundle,org.eclipse.equinox.registry,3.5.101.R37x_v20110810-1611,"org.eclipse.equinox.registry",1343151665959
started,bundle,org.eclipse.equinox.security,1.1.1.R37x_v20110822-1018,"org.eclipse.equinox.security",1343151665960
started,bundle,org.eclipse.equinox.util,1.0.300.v20110502,"org.eclipse.equinox.util",1343151665961
started,bundle,org.eclipse.help,3.5.100.v20110426,"org.eclipse.help",1343151665962
started,bundle,org.eclipse.jdt.core,3.7.3.v20120119-1537,"org.eclipse.jdt.core",1343151665963
started,bundle,org.eclipse.jdt.core.manipulation,1.4.0.v20110928-1453,"org.eclipse.jdt.core.manipulation",1343151665964
started,bundle,org.eclipse.jdt.ui,3.7.2.v20120109-1427,"org.eclipse.jdt.ui",1343151665968
started,bundle,org.eclipse.jem.util,2.1.100.v201103021400,"org.eclipse.jem.util",1343151665969
started,bundle,org.eclipse.jface,3.7.0.v20110928-1505,"org.eclipse.jface",1343151665970
started,bundle,org.eclipse.jsch.core,1.1.300.I20110514-0800,"org.eclipse.jsch.core",1343151665971
started,bundle,org.eclipse.jst.j2ee.webservice,1.1.400.v201004110600,"org.eclipse.jst.j2ee.webservice",1343151665973
